{
  "ace" : {
    "descr" : "Dump all LDAP objects SD",
    "ldap" : {
        "base" : "*",
        "scope" : "subtree",
        "filter" : "(objectClass=*)",
        "attrs" : [
            { "type" : "bin", "name" : "nTSecurityDescriptor"}
        ],
        "controls" : [
            { "name" : "LDAP_SERVER_SD_FLAGS_OID",
              "ctrltype" : "server",
              "valuetype" : "int",
              "value" : "5",
              "oid" : "1.2.840.113556.1.4.801"
            }
        ]
    }
  },

  "mbxsd" : {
    "descr" : "Dump Exchange Mailbox SD",
    "ldap" : {
        "base" : "*",
        "scope" : "subtree",
        "filter" : "(objectClass=*)",
        "attrs" : [
            { "type" : "bin", "name" : "msExchMailboxSecurityDescriptor"}
        ],
        "controls" : [
            { "name" : "LDAP_SERVER_SD_FLAGS_OID",
              "ctrltype" : "server",
              "valuetype" : "int",
              "value" : "5",
              "oid" : "1.2.840.113556.1.4.801"
            }
        ]
    }
  },

  "exchdb" : {
    "descr" : "Dump Exchange Databases SD",
    "ldap" : {
        "base" : "configuration",
        "scope" : "subtree",
        "filter" : "(objectClass=msExchMDB)",
        "attrs" : [
            { "type" : "bin", "name" : "nTSecurityDescriptor"}
        ],
        "controls" : [
            { "name" : "LDAP_SERVER_SD_FLAGS_OID",
              "ctrltype" : "server",
              "valuetype" : "int",
              "value" : "5",
              "oid" : "1.2.840.113556.1.4.801"
            }
        ]
    }
  },

  "obj" : {
    "descr" : "Dump all LDAP objects",
    "ldap" : {
        "base" : "*",
        "scope" : "subtree",
        "filter" : "(objectClass=*)",
        "attrs" : [
            { "type" : "str", "name" : "objectClass"},
            { "type" : "bin", "name" : "objectSid"},
            { "type" : "int", "name" : "adminCount"},
            { "type" : "str", "name" : "member"},
            { "type" : "str", "name" : "gPLink"},
            { "type" : "int", "name" : "primaryGroupID"},
            { "type" : "bin", "name" : "sIDHistory"},
            { "type" : "str", "name" : "cn"},
            { "type" : "str", "name" : "managedBy"},
            { "type" : "str", "name" : "msDS-RevealOnDemandGroup"},
            { "type" : "str", "name" : "msDS-NeverRevealGroup"},
            { "type" : "str", "name" : "mail"},
            { "type" : "str", "name" : "homeMDB"},
            { "type" : "str", "name" : "msExchRoleEntries"},
            { "type" : "str", "name" : "msExchUserLink"},
            { "type" : "str", "name" : "msExchRoleLink"},
            { "type" : "str", "name" : "userAccountControl"},
            { "type" : "str", "name" : "msDS-AllowedToDelegateTo"},
            { "type" : "bin", "name" : "msDS-AllowedToActOnBehalfOfOtherIdentity"},
            { "type" : "str", "name" : "servicePrincipalName"},
            { "type" : "str", "name" : "dNSHostName"}
        ]
    }
  },

  "sch" : {
    "descr" : "Dump all Schema objects",
    "ldap" : {
        "base" : "schema",
        "scope" : "subtree",
        "filter" : "(objectClass=*)",
        "attrs" : [
            { "type" : "bin", "name" : "schemaIDGUID"},
            { "type" : "str", "name" : "governsID"},
            { "type" : "str", "name" : "defaultSecurityDescriptor"},
            { "type" : "str", "name" : "lDAPDisplayName"}
        ]
    }
  }
}
