{
   "nodes":[
      {
         "dist":0,
         "shortname":"cn=com_0",
         "type":"user",
         "id":1590,
         "name":"cn=com_0,ou=gr_a,ou=accounts,ou=prod,ou=enterprise,dc=org"
      },
      {
         "dist":1,
         "shortname":"cn=com_1",
         "type":"group",
         "id":2698,
         "name":"cn=com_1,ou=gr_b,ou=accounts,ou=prod,ou=enterprise,dc=org"
      },
      {
         "dist":1,
         "shortname":"cn=com_2",
         "type":"group",
         "id":4554,
         "name":"cn=com_2,ou=gr_a,ou=accounts,ou=prod,ou=enterprise,dc=org"
      },
      {
         "dist":1,
         "shortname":"cn=com_3",
         "type":"group",
         "id":4555,
         "name":"cn=com_3,ou=gr_b,ou=accounts,ou=prod,ou=enterprise,dc=org"
      },
      {
         "dist":1,
         "shortname":"cn=com_4",
         "type":"group",
         "id":5638,
         "name":"cn=com_4,ou=gr_a,ou=accounts,ou=prod,ou=enterprise,dc=org"
      },
      {
         "dist":1,
         "shortname":"cn=com_5",
         "type":"group",
         "id":24805,
         "name":"cn=com_5,ou=gr_b,ou=accounts,ou=prod,ou=enterprise,dc=org"
      },
      {
         "dist":1,
         "shortname":"cn=com_6",
         "type":"group",
         "id":24803,
         "name":"cn=com_6,ou=gr_a,ou=accounts,ou=prod,ou=enterprise,dc=org"
      },
      {
         "dist":1,
         "shortname":"cn=com_7",
         "type":"group",
         "id":24323,
         "name":"cn=com_7,ou=gr_b,ou=accounts,ou=prod,ou=enterprise,dc=org"
      },
      {
         "dist":1,
         "shortname":"cn=com_8",
         "type":"group",
         "id":24124,
         "name":"cn=com_8,ou=gr_a,ou=accounts,ou=prod,ou=enterprise,dc=org"
      },
      {
         "dist":1,
         "shortname":"cn=com_9",
         "type":"group",
         "id":24074,
         "name":"cn=com_9,ou=gr_b,ou=accounts,ou=prod,ou=enterprise,dc=org"
      },
      {
         "dist":1,
         "shortname":"cn=com_10",
         "type":"group",
         "id":24012,
         "name":"cn=com_10,ou=gr_a,ou=accounts,ou=prod,ou=enterprise,dc=org"
      },
      {
         "dist":1,
         "shortname":"cn=com_11",
         "type":"group",
         "id":23939,
         "name":"cn=com_11,ou=gr_b,ou=accounts,ou=prod,ou=enterprise,dc=org"
      },
      {
         "dist":1,
         "shortname":"cn=com_12",
         "type":"group",
         "id":23578,
         "name":"cn=com_12,ou=gr_a,ou=accounts,ou=prod,ou=enterprise,dc=org"
      },
      {
         "dist":1,
         "shortname":"cn=com_13",
         "type":"group",
         "id":23505,
         "name":"cn=com_13,ou=gr_b,ou=accounts,ou=prod,ou=enterprise,dc=org"
      },
      {
         "dist":1,
         "shortname":"cn=com_14",
         "type":"group",
         "id":23503,
         "name":"cn=com_14,ou=gr_a,ou=accounts,ou=prod,ou=enterprise,dc=org"
      },
      {
         "dist":1,
         "shortname":"cn=com_15",
         "type":"group",
         "id":23502,
         "name":"cn=com_15,ou=gr_b,ou=accounts,ou=prod,ou=enterprise,dc=org"
      },
      {
         "dist":1,
         "shortname":"cn=com_16",
         "type":"group",
         "id":23468,
         "name":"cn=com_16,ou=gr_a,ou=accounts,ou=prod,ou=enterprise,dc=org"
      },
      {
         "dist":1,
         "shortname":"cn=com_17",
         "type":"group",
         "id":23459,
         "name":"cn=com_17,ou=gr_b,ou=accounts,ou=prod,ou=enterprise,dc=org"
      },
      {
         "dist":1,
         "shortname":"cn=com_18",
         "type":"group",
         "id":23420,
         "name":"cn=com_18,ou=gr_a,ou=accounts,ou=prod,ou=enterprise,dc=org"
      },
      {
         "dist":1,
         "shortname":"cn=com_19",
         "type":"group",
         "id":23412,
         "name":"cn=com_19,ou=gr_b,ou=accounts,ou=prod,ou=enterprise,dc=org"
      },
      {
         "dist":1,
         "shortname":"cn=com_20",
         "type":"group",
         "id":23408,
         "name":"cn=com_20,ou=gr_a,ou=accounts,ou=prod,ou=enterprise,dc=org"
      },
      {
         "dist":1,
         "shortname":"cn=com_21",
         "type":"group",
         "id":23387,
         "name":"cn=com_21,ou=gr_b,ou=accounts,ou=prod,ou=enterprise,dc=org"
      },
      {
         "dist":1,
         "shortname":"cn=com_22",
         "type":"group",
         "id":23222,
         "name":"cn=com_22,ou=gr_a,ou=accounts,ou=prod,ou=enterprise,dc=org"
      },
      {
         "dist":1,
         "shortname":"cn=com_23",
         "type":"group",
         "id":22668,
         "name":"cn=com_23,ou=gr_b,ou=accounts,ou=prod,ou=enterprise,dc=org"
      },
      {
         "dist":1,
         "shortname":"cn=com_24",
         "type":"group",
         "id":22464,
         "name":"cn=com_24,ou=gr_a,ou=accounts,ou=prod,ou=enterprise,dc=org"
      },
      {
         "dist":1,
         "shortname":"cn=com_25",
         "type":"group",
         "id":22460,
         "name":"cn=com_25,ou=gr_b,ou=accounts,ou=prod,ou=enterprise,dc=org"
      },
      {
         "dist":1,
         "shortname":"cn=com_26",
         "type":"group",
         "id":22455,
         "name":"cn=com_26,ou=gr_a,ou=accounts,ou=prod,ou=enterprise,dc=org"
      },
      {
         "dist":1,
         "shortname":"cn=com_27",
         "type":"group",
         "id":22336,
         "name":"cn=com_27,ou=gr_b,ou=accounts,ou=prod,ou=enterprise,dc=org"
      },
      {
         "dist":1,
         "shortname":"cn=com_28",
         "type":"group",
         "id":22325,
         "name":"cn=com_28,ou=gr_a,ou=accounts,ou=prod,ou=enterprise,dc=org"
      },
      {
         "dist":1,
         "shortname":"cn=com_29",
         "type":"group",
         "id":22321,
         "name":"cn=com_29,ou=gr_b,ou=accounts,ou=prod,ou=enterprise,dc=org"
      },
      {
         "dist":1,
         "shortname":"cn=com_30",
         "type":"group",
         "id":22292,
         "name":"cn=com_30,ou=gr_a,ou=accounts,ou=prod,ou=enterprise,dc=org"
      },
      {
         "dist":1,
         "shortname":"cn=com_31",
         "type":"group",
         "id":22183,
         "name":"cn=com_31,ou=gr_b,ou=accounts,ou=prod,ou=enterprise,dc=org"
      },
      {
         "dist":1,
         "shortname":"cn=com_32",
         "type":"group",
         "id":22181,
         "name":"cn=com_32,ou=gr_a,ou=accounts,ou=prod,ou=enterprise,dc=org"
      },
      {
         "dist":1,
         "shortname":"cn=com_33",
         "type":"group",
         "id":22180,
         "name":"cn=com_33,ou=gr_b,ou=accounts,ou=prod,ou=enterprise,dc=org"
      },
      {
         "dist":1,
         "shortname":"cn=com_34",
         "type":"group",
         "id":22031,
         "name":"cn=com_34,ou=gr_a,ou=accounts,ou=prod,ou=enterprise,dc=org"
      },
      {
         "dist":1,
         "shortname":"cn=com_35",
         "type":"group",
         "id":21644,
         "name":"cn=com_35,ou=gr_b,ou=accounts,ou=prod,ou=enterprise,dc=org"
      },
      {
         "dist":1,
         "shortname":"cn=com_36",
         "type":"group",
         "id":21548,
         "name":"cn=com_36,ou=gr_a,ou=accounts,ou=prod,ou=enterprise,dc=org"
      },
      {
         "dist":1,
         "shortname":"cn=com_37",
         "type":"group",
         "id":21157,
         "name":"cn=com_37,ou=gr_b,ou=accounts,ou=prod,ou=enterprise,dc=org"
      },
      {
         "dist":1,
         "shortname":"cn=com_38",
         "type":"group",
         "id":20965,
         "name":"cn=com_38,ou=gr_a,ou=accounts,ou=prod,ou=enterprise,dc=org"
      },
      {
         "dist":1,
         "shortname":"cn=com_39",
         "type":"group",
         "id":20963,
         "name":"cn=com_39,ou=gr_b,ou=accounts,ou=prod,ou=enterprise,dc=org"
      },
      {
         "dist":1,
         "shortname":"cn=com_40",
         "type":"group",
         "id":20962,
         "name":"cn=com_40,ou=gr_a,ou=accounts,ou=prod,ou=enterprise,dc=org"
      },
      {
         "dist":1,
         "shortname":"cn=com_41",
         "type":"group",
         "id":20961,
         "name":"cn=com_41,ou=gr_b,ou=accounts,ou=prod,ou=enterprise,dc=org"
      },
      {
         "dist":1,
         "shortname":"cn=com_42",
         "type":"group",
         "id":20894,
         "name":"cn=com_42,ou=gr_a,ou=accounts,ou=prod,ou=enterprise,dc=org"
      },
      {
         "dist":1,
         "shortname":"cn=com_43",
         "type":"group",
         "id":20670,
         "name":"cn=com_43,ou=gr_b,ou=accounts,ou=prod,ou=enterprise,dc=org"
      },
      {
         "dist":1,
         "shortname":"cn=com_44",
         "type":"group",
         "id":20623,
         "name":"cn=com_44,ou=gr_a,ou=accounts,ou=prod,ou=enterprise,dc=org"
      },
      {
         "dist":1,
         "shortname":"cn=com_45",
         "type":"group",
         "id":20401,
         "name":"cn=com_45,ou=gr_b,ou=accounts,ou=prod,ou=enterprise,dc=org"
      },
      {
         "dist":1,
         "shortname":"cn=com_46",
         "type":"group",
         "id":20068,
         "name":"cn=com_46,ou=gr_a,ou=accounts,ou=prod,ou=enterprise,dc=org"
      },
      {
         "dist":1,
         "shortname":"cn=com_47",
         "type":"group",
         "id":19935,
         "name":"cn=com_47,ou=gr_b,ou=accounts,ou=prod,ou=enterprise,dc=org"
      },
      {
         "dist":1,
         "shortname":"cn=com_48",
         "type":"group",
         "id":19934,
         "name":"cn=com_48,ou=gr_a,ou=accounts,ou=prod,ou=enterprise,dc=org"
      },
      {
         "dist":1,
         "shortname":"cn=com_49",
         "type":"group",
         "id":19933,
         "name":"cn=com_49,ou=gr_b,ou=accounts,ou=prod,ou=enterprise,dc=org"
      },
      {
         "dist":1,
         "shortname":"cn=com_50",
         "type":"group",
         "id":19932,
         "name":"cn=com_50,ou=gr_a,ou=accounts,ou=prod,ou=enterprise,dc=org"
      },
      {
         "dist":1,
         "shortname":"cn=com_51",
         "type":"group",
         "id":19912,
         "name":"cn=com_51,ou=gr_b,ou=accounts,ou=prod,ou=enterprise,dc=org"
      },
      {
         "dist":1,
         "shortname":"cn=com_52",
         "type":"group",
         "id":19911,
         "name":"cn=com_52,ou=gr_a,ou=accounts,ou=prod,ou=enterprise,dc=org"
      },
      {
         "dist":1,
         "shortname":"cn=com_53",
         "type":"group",
         "id":19909,
         "name":"cn=com_53,ou=gr_b,ou=accounts,ou=prod,ou=enterprise,dc=org"
      },
      {
         "dist":1,
         "shortname":"cn=com_54",
         "type":"group",
         "id":19246,
         "name":"cn=com_54,ou=gr_a,ou=accounts,ou=prod,ou=enterprise,dc=org"
      },
      {
         "dist":1,
         "shortname":"cn=com_55",
         "type":"group",
         "id":19245,
         "name":"cn=com_55,ou=gr_b,ou=accounts,ou=prod,ou=enterprise,dc=org"
      },
      {
         "dist":1,
         "shortname":"cn=com_56",
         "type":"group",
         "id":18935,
         "name":"cn=com_56,ou=gr_a,ou=accounts,ou=prod,ou=enterprise,dc=org"
      },
      {
         "dist":1,
         "shortname":"cn=com_57",
         "type":"group",
         "id":18934,
         "name":"cn=com_57,ou=gr_b,ou=accounts,ou=prod,ou=enterprise,dc=org"
      },
      {
         "dist":1,
         "shortname":"cn=com_58",
         "type":"group",
         "id":18894,
         "name":"cn=com_58,ou=gr_a,ou=accounts,ou=prod,ou=enterprise,dc=org"
      },
      {
         "dist":1,
         "shortname":"cn=com_59",
         "type":"group",
         "id":18744,
         "name":"cn=com_59,ou=gr_b,ou=accounts,ou=prod,ou=enterprise,dc=org"
      },
      {
         "dist":1,
         "shortname":"cn=com_60",
         "type":"group",
         "id":18666,
         "name":"cn=com_60,ou=gr_a,ou=accounts,ou=prod,ou=enterprise,dc=org"
      },
      {
         "dist":1,
         "shortname":"cn=com_61",
         "type":"group",
         "id":17805,
         "name":"cn=com_61,ou=gr_b,ou=accounts,ou=prod,ou=enterprise,dc=org"
      },
      {
         "dist":1,
         "shortname":"cn=com_62",
         "type":"group",
         "id":17367,
         "name":"cn=com_62,ou=gr_a,ou=accounts,ou=prod,ou=enterprise,dc=org"
      },
      {
         "dist":1,
         "shortname":"cn=com_63",
         "type":"group",
         "id":17338,
         "name":"cn=com_63,ou=gr_b,ou=accounts,ou=prod,ou=enterprise,dc=org"
      },
      {
         "dist":1,
         "shortname":"cn=com_64",
         "type":"group",
         "id":17170,
         "name":"cn=com_64,ou=gr_a,ou=accounts,ou=prod,ou=enterprise,dc=org"
      },
      {
         "dist":1,
         "shortname":"cn=com_65",
         "type":"group",
         "id":17169,
         "name":"cn=com_65,ou=gr_b,ou=accounts,ou=prod,ou=enterprise,dc=org"
      },
      {
         "dist":1,
         "shortname":"cn=com_66",
         "type":"group",
         "id":17168,
         "name":"cn=com_66,ou=gr_a,ou=accounts,ou=prod,ou=enterprise,dc=org"
      },
      {
         "dist":1,
         "shortname":"cn=com_67",
         "type":"group",
         "id":16574,
         "name":"cn=com_67,ou=gr_b,ou=accounts,ou=prod,ou=enterprise,dc=org"
      },
      {
         "dist":1,
         "shortname":"cn=com_68",
         "type":"group",
         "id":16572,
         "name":"cn=com_68,ou=gr_a,ou=accounts,ou=prod,ou=enterprise,dc=org"
      },
      {
         "dist":1,
         "shortname":"cn=com_69",
         "type":"group",
         "id":16569,
         "name":"cn=com_69,ou=gr_b,ou=accounts,ou=prod,ou=enterprise,dc=org"
      },
      {
         "dist":1,
         "shortname":"cn=com_70",
         "type":"group",
         "id":16564,
         "name":"cn=com_70,ou=gr_a,ou=accounts,ou=prod,ou=enterprise,dc=org"
      },
      {
         "dist":1,
         "shortname":"cn=com_71",
         "type":"group",
         "id":16434,
         "name":"cn=com_71,ou=gr_b,ou=accounts,ou=prod,ou=enterprise,dc=org"
      },
      {
         "dist":1,
         "shortname":"cn=com_72",
         "type":"group",
         "id":15966,
         "name":"cn=com_72,ou=gr_a,ou=accounts,ou=prod,ou=enterprise,dc=org"
      },
      {
         "dist":1,
         "shortname":"cn=com_73",
         "type":"group",
         "id":15857,
         "name":"cn=com_73,ou=gr_b,ou=accounts,ou=prod,ou=enterprise,dc=org"
      },
      {
         "dist":1,
         "shortname":"cn=com_74",
         "type":"group",
         "id":15738,
         "name":"cn=com_74,ou=gr_a,ou=accounts,ou=prod,ou=enterprise,dc=org"
      },
      {
         "dist":1,
         "shortname":"cn=com_75",
         "type":"group",
         "id":15147,
         "name":"cn=com_75,ou=gr_b,ou=accounts,ou=prod,ou=enterprise,dc=org"
      },
      {
         "dist":1,
         "shortname":"cn=com_76",
         "type":"group",
         "id":14966,
         "name":"cn=com_76,ou=gr_a,ou=accounts,ou=prod,ou=enterprise,dc=org"
      },
      {
         "dist":1,
         "shortname":"cn=com_77",
         "type":"group",
         "id":14965,
         "name":"cn=com_77,ou=gr_b,ou=accounts,ou=prod,ou=enterprise,dc=org"
      },
      {
         "dist":1,
         "shortname":"cn=com_78",
         "type":"group",
         "id":14876,
         "name":"cn=com_78,ou=gr_a,ou=accounts,ou=prod,ou=enterprise,dc=org"
      },
      {
         "dist":1,
         "shortname":"cn=com_79",
         "type":"group",
         "id":14799,
         "name":"cn=com_79,ou=gr_b,ou=accounts,ou=prod,ou=enterprise,dc=org"
      },
      {
         "dist":1,
         "shortname":"cn=com_80",
         "type":"group",
         "id":14713,
         "name":"cn=com_80,ou=gr_a,ou=accounts,ou=prod,ou=enterprise,dc=org"
      },
      {
         "dist":1,
         "shortname":"cn=com_81",
         "type":"group",
         "id":14629,
         "name":"cn=com_81,ou=gr_b,ou=accounts,ou=prod,ou=enterprise,dc=org"
      },
      {
         "dist":1,
         "shortname":"cn=com_82",
         "type":"group",
         "id":14628,
         "name":"cn=com_82,ou=gr_a,ou=accounts,ou=prod,ou=enterprise,dc=org"
      },
      {
         "dist":1,
         "shortname":"cn=com_83",
         "type":"group",
         "id":14627,
         "name":"cn=com_83,ou=gr_b,ou=accounts,ou=prod,ou=enterprise,dc=org"
      },
      {
         "dist":1,
         "shortname":"cn=com_84",
         "type":"group",
         "id":14547,
         "name":"cn=com_84,ou=gr_a,ou=accounts,ou=prod,ou=enterprise,dc=org"
      },
      {
         "dist":1,
         "shortname":"cn=com_85",
         "type":"group",
         "id":14535,
         "name":"cn=com_85,ou=gr_b,ou=accounts,ou=prod,ou=enterprise,dc=org"
      },
      {
         "dist":1,
         "shortname":"cn=com_86",
         "type":"group",
         "id":14532,
         "name":"cn=com_86,ou=gr_a,ou=accounts,ou=prod,ou=enterprise,dc=org"
      },
      {
         "dist":1,
         "shortname":"cn=com_87",
         "type":"group",
         "id":14485,
         "name":"cn=com_87,ou=gr_b,ou=accounts,ou=prod,ou=enterprise,dc=org"
      },
      {
         "dist":1,
         "shortname":"cn=com_88",
         "type":"group",
         "id":14391,
         "name":"cn=com_88,ou=gr_a,ou=accounts,ou=prod,ou=enterprise,dc=org"
      },
      {
         "dist":1,
         "shortname":"cn=com_89",
         "type":"group",
         "id":14390,
         "name":"cn=com_89,ou=gr_b,ou=accounts,ou=prod,ou=enterprise,dc=org"
      },
      {
         "dist":1,
         "shortname":"cn=com_90",
         "type":"group",
         "id":14254,
         "name":"cn=com_90,ou=gr_a,ou=accounts,ou=prod,ou=enterprise,dc=org"
      },
      {
         "dist":1,
         "shortname":"cn=com_91",
         "type":"group",
         "id":14245,
         "name":"cn=com_91,ou=gr_b,ou=accounts,ou=prod,ou=enterprise,dc=org"
      },
      {
         "dist":1,
         "shortname":"cn=com_92",
         "type":"group",
         "id":14198,
         "name":"cn=com_92,ou=gr_a,ou=accounts,ou=prod,ou=enterprise,dc=org"
      },
      {
         "dist":1,
         "shortname":"cn=com_93",
         "type":"group",
         "id":14130,
         "name":"cn=com_93,ou=gr_b,ou=accounts,ou=prod,ou=enterprise,dc=org"
      },
      {
         "dist":1,
         "shortname":"cn=com_94",
         "type":"group",
         "id":14061,
         "name":"cn=com_94,ou=gr_a,ou=accounts,ou=prod,ou=enterprise,dc=org"
      },
      {
         "dist":1,
         "shortname":"cn=com_95",
         "type":"group",
         "id":13956,
         "name":"cn=com_95,ou=gr_b,ou=accounts,ou=prod,ou=enterprise,dc=org"
      },
      {
         "dist":1,
         "shortname":"cn=com_96",
         "type":"group",
         "id":13715,
         "name":"cn=com_96,ou=gr_a,ou=accounts,ou=prod,ou=enterprise,dc=org"
      },
      {
         "dist":1,
         "shortname":"cn=com_97",
         "type":"group",
         "id":13708,
         "name":"cn=com_97,ou=gr_b,ou=accounts,ou=prod,ou=enterprise,dc=org"
      },
      {
         "dist":1,
         "shortname":"cn=com_98",
         "type":"group",
         "id":13676,
         "name":"cn=com_98,ou=gr_a,ou=accounts,ou=prod,ou=enterprise,dc=org"
      },
      {
         "dist":1,
         "shortname":"cn=com_99",
         "type":"group",
         "id":13631,
         "name":"cn=com_99,ou=gr_b,ou=accounts,ou=prod,ou=enterprise,dc=org"
      },
      {
         "dist":1,
         "shortname":"cn=com_100",
         "type":"group",
         "id":13535,
         "name":"cn=com_100,ou=gr_a,ou=accounts,ou=prod,ou=enterprise,dc=org"
      },
      {
         "dist":1,
         "shortname":"cn=com_101",
         "type":"group",
         "id":13444,
         "name":"cn=com_101,ou=gr_b,ou=accounts,ou=prod,ou=enterprise,dc=org"
      },
      {
         "dist":1,
         "shortname":"cn=com_102",
         "type":"group",
         "id":13231,
         "name":"cn=com_102,ou=gr_a,ou=accounts,ou=prod,ou=enterprise,dc=org"
      },
      {
         "dist":1,
         "shortname":"cn=com_103",
         "type":"group",
         "id":12841,
         "name":"cn=com_103,ou=gr_b,ou=accounts,ou=prod,ou=enterprise,dc=org"
      },
      {
         "dist":1,
         "shortname":"cn=com_104",
         "type":"group",
         "id":12750,
         "name":"cn=com_104,ou=gr_a,ou=accounts,ou=prod,ou=enterprise,dc=org"
      },
      {
         "dist":1,
         "shortname":"cn=com_105",
         "type":"group",
         "id":12747,
         "name":"cn=com_105,ou=gr_b,ou=accounts,ou=prod,ou=enterprise,dc=org"
      },
      {
         "dist":1,
         "shortname":"cn=com_106",
         "type":"group",
         "id":12587,
         "name":"cn=com_106,ou=gr_a,ou=accounts,ou=prod,ou=enterprise,dc=org"
      },
      {
         "dist":1,
         "shortname":"cn=com_107",
         "type":"group",
         "id":12586,
         "name":"cn=com_107,ou=gr_b,ou=accounts,ou=prod,ou=enterprise,dc=org"
      },
      {
         "dist":1,
         "shortname":"cn=com_108",
         "type":"group",
         "id":12585,
         "name":"cn=com_108,ou=gr_a,ou=accounts,ou=prod,ou=enterprise,dc=org"
      },
      {
         "dist":1,
         "shortname":"cn=com_109",
         "type":"group",
         "id":12545,
         "name":"cn=com_109,ou=gr_b,ou=accounts,ou=prod,ou=enterprise,dc=org"
      },
      {
         "dist":1,
         "shortname":"cn=com_110",
         "type":"group",
         "id":12418,
         "name":"cn=com_110,ou=gr_a,ou=accounts,ou=prod,ou=enterprise,dc=org"
      },
      {
         "dist":1,
         "shortname":"cn=com_111",
         "type":"group",
         "id":11357,
         "name":"cn=com_111,ou=gr_b,ou=accounts,ou=prod,ou=enterprise,dc=org"
      },
      {
         "dist":1,
         "shortname":"cn=com_112",
         "type":"group",
         "id":11218,
         "name":"cn=com_112,ou=gr_a,ou=accounts,ou=prod,ou=enterprise,dc=org"
      },
      {
         "dist":1,
         "shortname":"cn=com_113",
         "type":"group",
         "id":11021,
         "name":"cn=com_113,ou=gr_b,ou=accounts,ou=prod,ou=enterprise,dc=org"
      },
      {
         "dist":1,
         "shortname":"cn=com_114",
         "type":"group",
         "id":10973,
         "name":"cn=com_114,ou=gr_a,ou=accounts,ou=prod,ou=enterprise,dc=org"
      },
      {
         "dist":1,
         "shortname":"cn=com_115",
         "type":"group",
         "id":10428,
         "name":"cn=com_115,ou=gr_b,ou=accounts,ou=prod,ou=enterprise,dc=org"
      },
      {
         "dist":1,
         "shortname":"cn=com_116",
         "type":"group",
         "id":10400,
         "name":"cn=com_116,ou=gr_a,ou=accounts,ou=prod,ou=enterprise,dc=org"
      },
      {
         "dist":1,
         "shortname":"cn=com_117",
         "type":"group",
         "id":10373,
         "name":"cn=com_117,ou=gr_b,ou=accounts,ou=prod,ou=enterprise,dc=org"
      },
      {
         "dist":1,
         "shortname":"cn=com_118",
         "type":"group",
         "id":10222,
         "name":"cn=com_118,ou=gr_a,ou=accounts,ou=prod,ou=enterprise,dc=org"
      },
      {
         "dist":1,
         "shortname":"cn=com_119",
         "type":"group",
         "id":9828,
         "name":"cn=com_119,ou=gr_b,ou=accounts,ou=prod,ou=enterprise,dc=org"
      },
      {
         "dist":1,
         "shortname":"cn=com_120",
         "type":"group",
         "id":9827,
         "name":"cn=com_120,ou=gr_a,ou=accounts,ou=prod,ou=enterprise,dc=org"
      },
      {
         "dist":1,
         "shortname":"cn=com_121",
         "type":"group",
         "id":9825,
         "name":"cn=com_121,ou=gr_b,ou=accounts,ou=prod,ou=enterprise,dc=org"
      },
      {
         "dist":1,
         "shortname":"cn=com_122",
         "type":"group",
         "id":9696,
         "name":"cn=com_122,ou=gr_a,ou=accounts,ou=prod,ou=enterprise,dc=org"
      },
      {
         "dist":1,
         "shortname":"cn=com_123",
         "type":"group",
         "id":9058,
         "name":"cn=com_123,ou=gr_b,ou=accounts,ou=prod,ou=enterprise,dc=org"
      },
      {
         "dist":1,
         "shortname":"cn=com_124",
         "type":"group",
         "id":8981,
         "name":"cn=com_124,ou=gr_a,ou=accounts,ou=prod,ou=enterprise,dc=org"
      },
      {
         "dist":1,
         "shortname":"cn=com_125",
         "type":"group",
         "id":8824,
         "name":"cn=com_125,ou=gr_b,ou=accounts,ou=prod,ou=enterprise,dc=org"
      },
      {
         "dist":1,
         "shortname":"cn=com_126",
         "type":"group",
         "id":8802,
         "name":"cn=com_126,ou=gr_a,ou=accounts,ou=prod,ou=enterprise,dc=org"
      },
      {
         "dist":1,
         "shortname":"cn=com_127",
         "type":"group",
         "id":8801,
         "name":"cn=com_127,ou=gr_b,ou=accounts,ou=prod,ou=enterprise,dc=org"
      },
      {
         "dist":1,
         "shortname":"cn=com_128",
         "type":"group",
         "id":8639,
         "name":"cn=com_128,ou=gr_a,ou=accounts,ou=prod,ou=enterprise,dc=org"
      },
      {
         "dist":1,
         "shortname":"cn=com_129",
         "type":"group",
         "id":8317,
         "name":"cn=com_129,ou=gr_b,ou=accounts,ou=prod,ou=enterprise,dc=org"
      },
      {
         "dist":1,
         "shortname":"cn=com_130",
         "type":"group",
         "id":7740,
         "name":"cn=com_130,ou=gr_a,ou=accounts,ou=prod,ou=enterprise,dc=org"
      },
      {
         "dist":1,
         "shortname":"cn=com_131",
         "type":"group",
         "id":7739,
         "name":"cn=com_131,ou=gr_b,ou=accounts,ou=prod,ou=enterprise,dc=org"
      },
      {
         "dist":1,
         "shortname":"cn=com_132",
         "type":"group",
         "id":7721,
         "name":"cn=com_132,ou=gr_a,ou=accounts,ou=prod,ou=enterprise,dc=org"
      },
      {
         "dist":1,
         "shortname":"cn=com_133",
         "type":"group",
         "id":7575,
         "name":"cn=com_133,ou=gr_b,ou=accounts,ou=prod,ou=enterprise,dc=org"
      },
      {
         "dist":1,
         "shortname":"cn=com_134",
         "type":"group",
         "id":7515,
         "name":"cn=com_134,ou=gr_a,ou=accounts,ou=prod,ou=enterprise,dc=org"
      },
      {
         "dist":1,
         "shortname":"cn=com_135",
         "type":"group",
         "id":7335,
         "name":"cn=com_135,ou=gr_b,ou=accounts,ou=prod,ou=enterprise,dc=org"
      },
      {
         "dist":1,
         "shortname":"cn=com_136",
         "type":"group",
         "id":7057,
         "name":"cn=com_136,ou=gr_a,ou=accounts,ou=prod,ou=enterprise,dc=org"
      },
      {
         "dist":1,
         "shortname":"cn=com_137",
         "type":"group",
         "id":6996,
         "name":"cn=com_137,ou=gr_b,ou=accounts,ou=prod,ou=enterprise,dc=org"
      },
      {
         "dist":1,
         "shortname":"cn=com_138",
         "type":"group",
         "id":6885,
         "name":"cn=com_138,ou=gr_a,ou=accounts,ou=prod,ou=enterprise,dc=org"
      },
      {
         "dist":1,
         "shortname":"cn=com_139",
         "type":"group",
         "id":6697,
         "name":"cn=com_139,ou=gr_b,ou=accounts,ou=prod,ou=enterprise,dc=org"
      },
      {
         "dist":1,
         "shortname":"cn=com_140",
         "type":"group",
         "id":6694,
         "name":"cn=com_140,ou=gr_a,ou=accounts,ou=prod,ou=enterprise,dc=org"
      },
      {
         "dist":1,
         "shortname":"cn=com_141",
         "type":"group",
         "id":6685,
         "name":"cn=com_141,ou=gr_b,ou=accounts,ou=prod,ou=enterprise,dc=org"
      },
      {
         "dist":1,
         "shortname":"cn=com_142",
         "type":"group",
         "id":6630,
         "name":"cn=com_142,ou=gr_a,ou=accounts,ou=prod,ou=enterprise,dc=org"
      },
      {
         "dist":1,
         "shortname":"cn=com_143",
         "type":"group",
         "id":6492,
         "name":"cn=com_143,ou=gr_b,ou=accounts,ou=prod,ou=enterprise,dc=org"
      },
      {
         "dist":1,
         "shortname":"cn=com_144",
         "type":"group",
         "id":6453,
         "name":"cn=com_144,ou=gr_a,ou=accounts,ou=prod,ou=enterprise,dc=org"
      },
      {
         "dist":1,
         "shortname":"cn=com_145",
         "type":"group",
         "id":6332,
         "name":"cn=com_145,ou=gr_b,ou=accounts,ou=prod,ou=enterprise,dc=org"
      },
      {
         "dist":1,
         "shortname":"cn=com_146",
         "type":"group",
         "id":6263,
         "name":"cn=com_146,ou=gr_a,ou=accounts,ou=prod,ou=enterprise,dc=org"
      },
      {
         "dist":1,
         "shortname":"cn=com_147",
         "type":"group",
         "id":6258,
         "name":"cn=com_147,ou=gr_b,ou=accounts,ou=prod,ou=enterprise,dc=org"
      },
      {
         "dist":1,
         "shortname":"cn=com_148",
         "type":"group",
         "id":6195,
         "name":"cn=com_148,ou=gr_a,ou=accounts,ou=prod,ou=enterprise,dc=org"
      },
      {
         "dist":1,
         "shortname":"cn=com_149",
         "type":"group",
         "id":6124,
         "name":"cn=com_149,ou=gr_b,ou=accounts,ou=prod,ou=enterprise,dc=org"
      },
      {
         "dist":1,
         "shortname":"cn=com_150",
         "type":"group",
         "id":5778,
         "name":"cn=com_150,ou=gr_a,ou=accounts,ou=prod,ou=enterprise,dc=org"
      },
      {
         "dist":1,
         "shortname":"cn=com_151",
         "type":"group",
         "id":5723,
         "name":"cn=com_151,ou=gr_b,ou=accounts,ou=prod,ou=enterprise,dc=org"
      },
      {
         "dist":1,
         "shortname":"cn=com_152",
         "type":"group",
         "id":5652,
         "name":"cn=com_152,ou=gr_a,ou=accounts,ou=prod,ou=enterprise,dc=org"
      },
      {
         "dist":1,
         "shortname":"cn=com_153",
         "type":"group",
         "id":5593,
         "name":"cn=com_153,ou=gr_b,ou=accounts,ou=prod,ou=enterprise,dc=org"
      },
      {
         "dist":1,
         "shortname":"cn=com_154",
         "type":"group",
         "id":5525,
         "name":"cn=com_154,ou=gr_a,ou=accounts,ou=prod,ou=enterprise,dc=org"
      },
      {
         "dist":1,
         "shortname":"cn=com_155",
         "type":"group",
         "id":5321,
         "name":"cn=com_155,ou=gr_b,ou=accounts,ou=prod,ou=enterprise,dc=org"
      },
      {
         "dist":1,
         "shortname":"cn=com_156",
         "type":"group",
         "id":5299,
         "name":"cn=com_156,ou=gr_a,ou=accounts,ou=prod,ou=enterprise,dc=org"
      },
      {
         "dist":1,
         "shortname":"cn=com_157",
         "type":"group",
         "id":5276,
         "name":"cn=com_157,ou=gr_b,ou=accounts,ou=prod,ou=enterprise,dc=org"
      },
      {
         "dist":1,
         "shortname":"cn=com_158",
         "type":"group",
         "id":5266,
         "name":"cn=com_158,ou=gr_a,ou=accounts,ou=prod,ou=enterprise,dc=org"
      },
      {
         "dist":1,
         "shortname":"cn=com_159",
         "type":"group",
         "id":5116,
         "name":"cn=com_159,ou=gr_b,ou=accounts,ou=prod,ou=enterprise,dc=org"
      },
      {
         "dist":1,
         "shortname":"cn=com_160",
         "type":"group",
         "id":4905,
         "name":"cn=com_160,ou=gr_a,ou=accounts,ou=prod,ou=enterprise,dc=org"
      },
      {
         "dist":1,
         "shortname":"cn=com_161",
         "type":"group",
         "id":4794,
         "name":"cn=com_161,ou=gr_b,ou=accounts,ou=prod,ou=enterprise,dc=org"
      },
      {
         "dist":1,
         "shortname":"cn=com_162",
         "type":"group",
         "id":4733,
         "name":"cn=com_162,ou=gr_a,ou=accounts,ou=prod,ou=enterprise,dc=org"
      },
      {
         "dist":1,
         "shortname":"cn=com_163",
         "type":"group",
         "id":4382,
         "name":"cn=com_163,ou=gr_b,ou=accounts,ou=prod,ou=enterprise,dc=org"
      },
      {
         "dist":1,
         "shortname":"cn=com_164",
         "type":"group",
         "id":4305,
         "name":"cn=com_164,ou=gr_a,ou=accounts,ou=prod,ou=enterprise,dc=org"
      },
      {
         "dist":1,
         "shortname":"cn=com_165",
         "type":"group",
         "id":4073,
         "name":"cn=com_165,ou=gr_b,ou=accounts,ou=prod,ou=enterprise,dc=org"
      },
      {
         "dist":1,
         "shortname":"cn=com_166",
         "type":"group",
         "id":3844,
         "name":"cn=com_166,ou=gr_a,ou=accounts,ou=prod,ou=enterprise,dc=org"
      },
      {
         "dist":1,
         "shortname":"cn=com_167",
         "type":"group",
         "id":3836,
         "name":"cn=com_167,ou=gr_b,ou=accounts,ou=prod,ou=enterprise,dc=org"
      },
      {
         "dist":1,
         "shortname":"cn=com_168",
         "type":"group",
         "id":3439,
         "name":"cn=com_168,ou=gr_a,ou=accounts,ou=prod,ou=enterprise,dc=org"
      },
      {
         "dist":1,
         "shortname":"cn=com_169",
         "type":"group",
         "id":3317,
         "name":"cn=com_169,ou=gr_b,ou=accounts,ou=prod,ou=enterprise,dc=org"
      },
      {
         "dist":1,
         "shortname":"cn=com_170",
         "type":"group",
         "id":3241,
         "name":"cn=com_170,ou=gr_a,ou=accounts,ou=prod,ou=enterprise,dc=org"
      },
      {
         "dist":1,
         "shortname":"cn=com_171",
         "type":"group",
         "id":3228,
         "name":"cn=com_171,ou=gr_b,ou=accounts,ou=prod,ou=enterprise,dc=org"
      },
      {
         "dist":1,
         "shortname":"cn=com_172",
         "type":"group",
         "id":294,
         "name":"cn=com_172,ou=gr_a,ou=accounts,ou=prod,ou=enterprise,dc=org"
      },
      {
         "dist":1,
         "shortname":"cn=com_173",
         "type":"group",
         "id":342,
         "name":"cn=com_173,ou=gr_b,ou=accounts,ou=prod,ou=enterprise,dc=org"
      },
      {
         "dist":1,
         "shortname":"cn=com_174",
         "type":"group",
         "id":359,
         "name":"cn=com_174,ou=gr_a,ou=accounts,ou=prod,ou=enterprise,dc=org"
      },
      {
         "dist":1,
         "shortname":"cn=com_175",
         "type":"group",
         "id":363,
         "name":"cn=com_175,ou=gr_b,ou=accounts,ou=prod,ou=enterprise,dc=org"
      },
      {
         "dist":1,
         "shortname":"cn=com_176",
         "type":"group",
         "id":479,
         "name":"cn=com_176,ou=gr_a,ou=accounts,ou=prod,ou=enterprise,dc=org"
      },
      {
         "dist":1,
         "shortname":"cn=com_177",
         "type":"group",
         "id":509,
         "name":"cn=com_177,ou=gr_b,ou=accounts,ou=prod,ou=enterprise,dc=org"
      },
      {
         "dist":1,
         "shortname":"cn=com_178",
         "type":"group",
         "id":549,
         "name":"cn=com_178,ou=gr_a,ou=accounts,ou=prod,ou=enterprise,dc=org"
      },
      {
         "dist":1,
         "shortname":"cn=com_179",
         "type":"group",
         "id":553,
         "name":"cn=com_179,ou=gr_b,ou=accounts,ou=prod,ou=enterprise,dc=org"
      },
      {
         "dist":1,
         "shortname":"cn=com_180",
         "type":"group",
         "id":557,
         "name":"cn=com_180,ou=gr_a,ou=accounts,ou=prod,ou=enterprise,dc=org"
      },
      {
         "dist":1,
         "shortname":"cn=com_181",
         "type":"group",
         "id":641,
         "name":"cn=com_181,ou=gr_b,ou=accounts,ou=prod,ou=enterprise,dc=org"
      },
      {
         "dist":1,
         "shortname":"cn=com_182",
         "type":"group",
         "id":660,
         "name":"cn=com_182,ou=gr_a,ou=accounts,ou=prod,ou=enterprise,dc=org"
      },
      {
         "dist":1,
         "shortname":"cn=com_183",
         "type":"group",
         "id":722,
         "name":"cn=com_183,ou=gr_b,ou=accounts,ou=prod,ou=enterprise,dc=org"
      },
      {
         "dist":1,
         "shortname":"cn=com_184",
         "type":"group",
         "id":739,
         "name":"cn=com_184,ou=gr_a,ou=accounts,ou=prod,ou=enterprise,dc=org"
      },
      {
         "dist":1,
         "shortname":"cn=com_185",
         "type":"group",
         "id":791,
         "name":"cn=com_185,ou=gr_b,ou=accounts,ou=prod,ou=enterprise,dc=org"
      },
      {
         "dist":1,
         "shortname":"cn=com_186",
         "type":"group",
         "id":839,
         "name":"cn=com_186,ou=gr_a,ou=accounts,ou=prod,ou=enterprise,dc=org"
      },
      {
         "dist":1,
         "shortname":"cn=com_187",
         "type":"group",
         "id":866,
         "name":"cn=com_187,ou=gr_b,ou=accounts,ou=prod,ou=enterprise,dc=org"
      },
      {
         "dist":1,
         "shortname":"cn=com_188",
         "type":"group",
         "id":870,
         "name":"cn=com_188,ou=gr_a,ou=accounts,ou=prod,ou=enterprise,dc=org"
      },
      {
         "dist":1,
         "shortname":"cn=com_189",
         "type":"group",
         "id":873,
         "name":"cn=com_189,ou=gr_b,ou=accounts,ou=prod,ou=enterprise,dc=org"
      },
      {
         "dist":1,
         "shortname":"cn=com_190",
         "type":"group",
         "id":928,
         "name":"cn=com_190,ou=gr_a,ou=accounts,ou=prod,ou=enterprise,dc=org"
      },
      {
         "dist":1,
         "shortname":"cn=com_191",
         "type":"group",
         "id":986,
         "name":"cn=com_191,ou=gr_b,ou=accounts,ou=prod,ou=enterprise,dc=org"
      },
      {
         "dist":1,
         "shortname":"cn=com_192",
         "type":"group",
         "id":2545,
         "name":"cn=com_192,ou=gr_a,ou=accounts,ou=prod,ou=enterprise,dc=org"
      },
      {
         "dist":1,
         "shortname":"cn=com_193",
         "type":"group",
         "id":2619,
         "name":"cn=com_193,ou=gr_b,ou=accounts,ou=prod,ou=enterprise,dc=org"
      },
      {
         "dist":1,
         "shortname":"cn=com_194",
         "type":"group",
         "id":2715,
         "name":"cn=com_194,ou=gr_a,ou=accounts,ou=prod,ou=enterprise,dc=org"
      },
      {
         "dist":1,
         "shortname":"cn=com_195",
         "type":"group",
         "id":2781,
         "name":"cn=com_195,ou=gr_b,ou=accounts,ou=prod,ou=enterprise,dc=org"
      },
      {
         "dist":1,
         "shortname":"cn=com_196",
         "type":"group",
         "id":2892,
         "name":"cn=com_196,ou=gr_a,ou=accounts,ou=prod,ou=enterprise,dc=org"
      },
      {
         "dist":1,
         "shortname":"cn=com_197",
         "type":"group",
         "id":76,
         "name":"cn=com_197,ou=gr_b,ou=accounts,ou=prod,ou=enterprise,dc=org"
      },
      {
         "dist":2,
         "shortname":"cn=com_198",
         "type":"group",
         "id":9476,
         "name":"cn=com_198,ou=gr_a,ou=accounts,ou=prod,ou=enterprise,dc=org"
      },
      {
         "dist":2,
         "shortname":"cn=com_199",
         "type":"group",
         "id":24324,
         "name":"cn=com_199,ou=gr_b,ou=accounts,ou=prod,ou=enterprise,dc=org"
      },
      {
         "dist":2,
         "shortname":"cn=com_200",
         "type":"group",
         "id":22886,
         "name":"cn=com_200,ou=gr_a,ou=accounts,ou=prod,ou=enterprise,dc=org"
      },
      {
         "dist":2,
         "shortname":"cn=com_201",
         "type":"group",
         "id":22882,
         "name":"cn=com_201,ou=gr_b,ou=accounts,ou=prod,ou=enterprise,dc=org"
      },
      {
         "dist":2,
         "shortname":"cn=com_202",
         "type":"group",
         "id":22669,
         "name":"cn=com_202,ou=gr_a,ou=accounts,ou=prod,ou=enterprise,dc=org"
      },
      {
         "dist":2,
         "shortname":"cn=com_203",
         "type":"group",
         "id":24452,
         "name":"cn=com_203,ou=gr_b,ou=accounts,ou=prod,ou=enterprise,dc=org"
      },
      {
         "dist":2,
         "shortname":"cn=com_204",
         "type":"group",
         "id":24450,
         "name":"cn=com_204,ou=gr_a,ou=accounts,ou=prod,ou=enterprise,dc=org"
      },
      {
         "dist":2,
         "shortname":"cn=com_205",
         "type":"group",
         "id":15996,
         "name":"cn=com_205,ou=gr_b,ou=accounts,ou=prod,ou=enterprise,dc=org"
      },
      {
         "dist":2,
         "shortname":"cn=com_206",
         "type":"group",
         "id":22436,
         "name":"cn=com_206,ou=gr_a,ou=accounts,ou=prod,ou=enterprise,dc=org"
      },
      {
         "dist":2,
         "shortname":"cn=com_207",
         "type":"group",
         "id":22159,
         "name":"cn=com_207,ou=gr_b,ou=accounts,ou=prod,ou=enterprise,dc=org"
      },
      {
         "dist":2,
         "shortname":"cn=com_208",
         "type":"group",
         "id":22152,
         "name":"cn=com_208,ou=gr_a,ou=accounts,ou=prod,ou=enterprise,dc=org"
      },
      {
         "dist":2,
         "shortname":"cn=com_209",
         "type":"group",
         "id":22236,
         "name":"cn=com_209,ou=gr_b,ou=accounts,ou=prod,ou=enterprise,dc=org"
      },
      {
         "dist":2,
         "shortname":"cn=com_210",
         "type":"group",
         "id":17388,
         "name":"cn=com_210,ou=gr_a,ou=accounts,ou=prod,ou=enterprise,dc=org"
      },
      {
         "dist":2,
         "shortname":"cn=com_211",
         "type":"group",
         "id":17345,
         "name":"cn=com_211,ou=gr_b,ou=accounts,ou=prod,ou=enterprise,dc=org"
      },
      {
         "dist":2,
         "shortname":"cn=com_212",
         "type":"group",
         "id":17344,
         "name":"cn=com_212,ou=gr_a,ou=accounts,ou=prod,ou=enterprise,dc=org"
      },
      {
         "dist":2,
         "shortname":"cn=com_213",
         "type":"group",
         "id":17343,
         "name":"cn=com_213,ou=gr_b,ou=accounts,ou=prod,ou=enterprise,dc=org"
      },
      {
         "dist":2,
         "shortname":"cn=com_214",
         "type":"group",
         "id":15739,
         "name":"cn=com_214,ou=gr_a,ou=accounts,ou=prod,ou=enterprise,dc=org"
      },
      {
         "dist":2,
         "shortname":"cn=com_215",
         "type":"group",
         "id":5648,
         "name":"cn=com_215,ou=gr_b,ou=accounts,ou=prod,ou=enterprise,dc=org"
      },
      {
         "dist":2,
         "shortname":"cn=com_216",
         "type":"group",
         "id":10965,
         "name":"cn=com_216,ou=gr_a,ou=accounts,ou=prod,ou=enterprise,dc=org"
      },
      {
         "dist":2,
         "shortname":"cn=com_217",
         "type":"group",
         "id":13881,
         "name":"cn=com_217,ou=gr_b,ou=accounts,ou=prod,ou=enterprise,dc=org"
      },
      {
         "dist":2,
         "shortname":"cn=com_218",
         "type":"group",
         "id":11023,
         "name":"cn=com_218,ou=gr_a,ou=accounts,ou=prod,ou=enterprise,dc=org"
      },
      {
         "dist":2,
         "shortname":"cn=com_219",
         "type":"group",
         "id":2735,
         "name":"cn=com_219,ou=gr_b,ou=accounts,ou=prod,ou=enterprise,dc=org"
      },
      {
         "dist":2,
         "shortname":"cn=com_220",
         "type":"group",
         "id":12501,
         "name":"cn=com_220,ou=gr_a,ou=accounts,ou=prod,ou=enterprise,dc=org"
      },
      {
         "dist":2,
         "shortname":"cn=com_221",
         "type":"group",
         "id":9013,
         "name":"cn=com_221,ou=gr_b,ou=accounts,ou=prod,ou=enterprise,dc=org"
      },
      {
         "dist":2,
         "shortname":"cn=com_222",
         "type":"group",
         "id":9011,
         "name":"cn=com_222,ou=gr_a,ou=accounts,ou=prod,ou=enterprise,dc=org"
      },
      {
         "dist":2,
         "shortname":"cn=com_223",
         "type":"group",
         "id":22150,
         "name":"cn=com_223,ou=gr_b,ou=accounts,ou=prod,ou=enterprise,dc=org"
      },
      {
         "dist":2,
         "shortname":"cn=com_224",
         "type":"group",
         "id":10894,
         "name":"cn=com_224,ou=gr_a,ou=accounts,ou=prod,ou=enterprise,dc=org"
      },
      {
         "dist":2,
         "shortname":"cn=com_225",
         "type":"group",
         "id":13905,
         "name":"cn=com_225,ou=gr_b,ou=accounts,ou=prod,ou=enterprise,dc=org"
      },
      {
         "dist":2,
         "shortname":"cn=com_226",
         "type":"group",
         "id":6425,
         "name":"cn=com_226,ou=gr_a,ou=accounts,ou=prod,ou=enterprise,dc=org"
      },
      {
         "dist":2,
         "shortname":"cn=com_227",
         "type":"group",
         "id":16864,
         "name":"cn=com_227,ou=gr_b,ou=accounts,ou=prod,ou=enterprise,dc=org"
      },
      {
         "dist":2,
         "shortname":"cn=com_228",
         "type":"group",
         "id":6220,
         "name":"cn=com_228,ou=gr_a,ou=accounts,ou=prod,ou=enterprise,dc=org"
      },
      {
         "dist":2,
         "shortname":"cn=com_229",
         "type":"group",
         "id":6568,
         "name":"cn=com_229,ou=gr_b,ou=accounts,ou=prod,ou=enterprise,dc=org"
      },
      {
         "dist":2,
         "shortname":"cn=com_230",
         "type":"group",
         "id":13419,
         "name":"cn=com_230,ou=gr_a,ou=accounts,ou=prod,ou=enterprise,dc=org"
      },
      {
         "dist":2,
         "shortname":"cn=com_231",
         "type":"group",
         "id":21445,
         "name":"cn=com_231,ou=gr_b,ou=accounts,ou=prod,ou=enterprise,dc=org"
      },
      {
         "dist":2,
         "shortname":"cn=com_232",
         "type":"group",
         "id":20529,
         "name":"cn=com_232,ou=gr_a,ou=accounts,ou=prod,ou=enterprise,dc=org"
      },
      {
         "dist":2,
         "shortname":"cn=com_233",
         "type":"group",
         "id":20433,
         "name":"cn=com_233,ou=gr_b,ou=accounts,ou=prod,ou=enterprise,dc=org"
      },
      {
         "dist":2,
         "shortname":"cn=com_234",
         "type":"group",
         "id":12995,
         "name":"cn=com_234,ou=gr_a,ou=accounts,ou=prod,ou=enterprise,dc=org"
      },
      {
         "dist":2,
         "shortname":"cn=com_235",
         "type":"group",
         "id":4823,
         "name":"cn=com_235,ou=gr_b,ou=accounts,ou=prod,ou=enterprise,dc=org"
      },
      {
         "dist":2,
         "shortname":"cn=com_236",
         "type":"group",
         "id":9147,
         "name":"cn=com_236,ou=gr_a,ou=accounts,ou=prod,ou=enterprise,dc=org"
      },
      {
         "dist":2,
         "shortname":"cn=com_237",
         "type":"group",
         "id":4711,
         "name":"cn=com_237,ou=gr_b,ou=accounts,ou=prod,ou=enterprise,dc=org"
      },
      {
         "dist":2,
         "shortname":"cn=com_238",
         "type":"group",
         "id":6257,
         "name":"cn=com_238,ou=gr_a,ou=accounts,ou=prod,ou=enterprise,dc=org"
      },
      {
         "dist":2,
         "shortname":"cn=com_239",
         "type":"group",
         "id":4340,
         "name":"cn=com_239,ou=gr_b,ou=accounts,ou=prod,ou=enterprise,dc=org"
      },
      {
         "dist":2,
         "shortname":"cn=com_240",
         "type":"group",
         "id":13230,
         "name":"cn=com_240,ou=gr_a,ou=accounts,ou=prod,ou=enterprise,dc=org"
      },
      {
         "dist":2,
         "shortname":"cn=com_241",
         "type":"group",
         "id":8850,
         "name":"cn=com_241,ou=gr_b,ou=accounts,ou=prod,ou=enterprise,dc=org"
      },
      {
         "dist":2,
         "shortname":"cn=com_242",
         "type":"group",
         "id":5264,
         "name":"cn=com_242,ou=gr_a,ou=accounts,ou=prod,ou=enterprise,dc=org"
      },
      {
         "dist":2,
         "shortname":"cn=com_243",
         "type":"group",
         "id":3225,
         "name":"cn=com_243,ou=gr_b,ou=accounts,ou=prod,ou=enterprise,dc=org"
      },
      {
         "dist":2,
         "shortname":"cn=com_244",
         "type":"group",
         "id":5177,
         "name":"cn=com_244,ou=gr_a,ou=accounts,ou=prod,ou=enterprise,dc=org"
      },
      {
         "dist":2,
         "shortname":"cn=com_245",
         "type":"group",
         "id":23950,
         "name":"cn=com_245,ou=gr_b,ou=accounts,ou=prod,ou=enterprise,dc=org"
      },
      {
         "dist":2,
         "shortname":"cn=com_246",
         "type":"group",
         "id":2720,
         "name":"cn=com_246,ou=gr_a,ou=accounts,ou=prod,ou=enterprise,dc=org"
      },
      {
         "dist":2,
         "shortname":"cn=com_247",
         "type":"group",
         "id":24665,
         "name":"cn=com_247,ou=gr_b,ou=accounts,ou=prod,ou=enterprise,dc=org"
      },
      {
         "dist":2,
         "shortname":"cn=com_248",
         "type":"group",
         "id":24564,
         "name":"cn=com_248,ou=gr_a,ou=accounts,ou=prod,ou=enterprise,dc=org"
      },
      {
         "dist":2,
         "shortname":"cn=com_249",
         "type":"group",
         "id":24521,
         "name":"cn=com_249,ou=gr_b,ou=accounts,ou=prod,ou=enterprise,dc=org"
      },
      {
         "dist":2,
         "shortname":"cn=com_250",
         "type":"group",
         "id":20763,
         "name":"cn=com_250,ou=gr_a,ou=accounts,ou=prod,ou=enterprise,dc=org"
      },
      {
         "dist":2,
         "shortname":"cn=com_251",
         "type":"group",
         "id":20087,
         "name":"cn=com_251,ou=gr_b,ou=accounts,ou=prod,ou=enterprise,dc=org"
      },
      {
         "dist":2,
         "shortname":"cn=com_252",
         "type":"group",
         "id":20086,
         "name":"cn=com_252,ou=gr_a,ou=accounts,ou=prod,ou=enterprise,dc=org"
      },
      {
         "dist":2,
         "shortname":"cn=com_253",
         "type":"group",
         "id":20085,
         "name":"cn=com_253,ou=gr_b,ou=accounts,ou=prod,ou=enterprise,dc=org"
      },
      {
         "dist":2,
         "shortname":"cn=com_254",
         "type":"group",
         "id":16386,
         "name":"cn=com_254,ou=gr_a,ou=accounts,ou=prod,ou=enterprise,dc=org"
      },
      {
         "dist":2,
         "shortname":"cn=com_255",
         "type":"group",
         "id":14511,
         "name":"cn=com_255,ou=gr_b,ou=accounts,ou=prod,ou=enterprise,dc=org"
      },
      {
         "dist":2,
         "shortname":"cn=com_256",
         "type":"group",
         "id":12854,
         "name":"cn=com_256,ou=gr_a,ou=accounts,ou=prod,ou=enterprise,dc=org"
      },
      {
         "dist":2,
         "shortname":"cn=com_257",
         "type":"group",
         "id":12852,
         "name":"cn=com_257,ou=gr_b,ou=accounts,ou=prod,ou=enterprise,dc=org"
      },
      {
         "dist":2,
         "shortname":"cn=com_258",
         "type":"group",
         "id":11397,
         "name":"cn=com_258,ou=gr_a,ou=accounts,ou=prod,ou=enterprise,dc=org"
      },
      {
         "dist":2,
         "shortname":"cn=com_259",
         "type":"group",
         "id":9288,
         "name":"cn=com_259,ou=gr_b,ou=accounts,ou=prod,ou=enterprise,dc=org"
      },
      {
         "dist":2,
         "shortname":"cn=com_260",
         "type":"group",
         "id":6552,
         "name":"cn=com_260,ou=gr_a,ou=accounts,ou=prod,ou=enterprise,dc=org"
      },
      {
         "dist":2,
         "shortname":"cn=com_261",
         "type":"group",
         "id":6034,
         "name":"cn=com_261,ou=gr_b,ou=accounts,ou=prod,ou=enterprise,dc=org"
      },
      {
         "dist":2,
         "shortname":"cn=com_262",
         "type":"group",
         "id":5915,
         "name":"cn=com_262,ou=gr_a,ou=accounts,ou=prod,ou=enterprise,dc=org"
      },
      {
         "dist":2,
         "shortname":"cn=com_263",
         "type":"group",
         "id":4067,
         "name":"cn=com_263,ou=gr_b,ou=accounts,ou=prod,ou=enterprise,dc=org"
      },
      {
         "dist":2,
         "shortname":"cn=com_264",
         "type":"group",
         "id":86,
         "name":"cn=com_264,ou=gr_a,ou=accounts,ou=prod,ou=enterprise,dc=org"
      },
      {
         "dist":3,
         "shortname":"cn=com_265",
         "type":"group",
         "id":22985,
         "name":"cn=com_265,ou=gr_b,ou=accounts,ou=prod,ou=enterprise,dc=org"
      },
      {
         "dist":3,
         "shortname":"cn=com_266",
         "type":"group",
         "id":13882,
         "name":"cn=com_266,ou=gr_a,ou=accounts,ou=prod,ou=enterprise,dc=org"
      },
      {
         "dist":3,
         "shortname":"cn=com_267",
         "type":"group",
         "id":24516,
         "name":"cn=com_267,ou=gr_b,ou=accounts,ou=prod,ou=enterprise,dc=org"
      },
      {
         "dist":3,
         "shortname":"cn=com_268",
         "type":"group",
         "id":24515,
         "name":"cn=com_268,ou=gr_a,ou=accounts,ou=prod,ou=enterprise,dc=org"
      },
      {
         "dist":3,
         "shortname":"cn=com_269",
         "type":"group",
         "id":22157,
         "name":"cn=com_269,ou=gr_b,ou=accounts,ou=prod,ou=enterprise,dc=org"
      },
      {
         "dist":3,
         "shortname":"cn=com_270",
         "type":"group",
         "id":21103,
         "name":"cn=com_270,ou=gr_a,ou=accounts,ou=prod,ou=enterprise,dc=org"
      },
      {
         "dist":3,
         "shortname":"cn=com_271",
         "type":"group",
         "id":8832,
         "name":"cn=com_271,ou=gr_b,ou=accounts,ou=prod,ou=enterprise,dc=org"
      },
      {
         "dist":4,
         "shortname":"cn=com_272",
         "type":"group",
         "id":22631,
         "name":"cn=com_272,ou=gr_a,ou=accounts,ou=prod,ou=enterprise,dc=org"
      }
   ],
   "links":[
      {
         "rels":[
            "write_prop_member"
         ],
         "source":0,
         "target":1
      },
      {
         "rels":[
            "write_prop_member",
            "group_member"
         ],
         "source":0,
         "target":2
      },
      {
         "rels":[
            "write_prop_member"
         ],
         "source":0,
         "target":3
      },
      {
         "rels":[
            "write_prop_member"
         ],
         "source":0,
         "target":4
      },
      {
         "rels":[
            "group_member"
         ],
         "source":0,
         "target":5
      },
      {
         "rels":[
            "group_member"
         ],
         "source":0,
         "target":6
      },
      {
         "rels":[
            "group_member"
         ],
         "source":0,
         "target":7
      },
      {
         "rels":[
            "group_member"
         ],
         "source":0,
         "target":8
      },
      {
         "rels":[
            "group_member"
         ],
         "source":0,
         "target":9
      },
      {
         "rels":[
            "group_member"
         ],
         "source":0,
         "target":10
      },
      {
         "rels":[
            "group_member"
         ],
         "source":0,
         "target":11
      },
      {
         "rels":[
            "group_member"
         ],
         "source":0,
         "target":12
      },
      {
         "rels":[
            "group_member"
         ],
         "source":0,
         "target":13
      },
      {
         "rels":[
            "group_member"
         ],
         "source":0,
         "target":14
      },
      {
         "rels":[
            "group_member"
         ],
         "source":0,
         "target":15
      },
      {
         "rels":[
            "group_member"
         ],
         "source":0,
         "target":16
      },
      {
         "rels":[
            "group_member"
         ],
         "source":0,
         "target":17
      },
      {
         "rels":[
            "group_member"
         ],
         "source":0,
         "target":18
      },
      {
         "rels":[
            "group_member"
         ],
         "source":0,
         "target":19
      },
      {
         "rels":[
            "group_member"
         ],
         "source":0,
         "target":20
      },
      {
         "rels":[
            "group_member"
         ],
         "source":0,
         "target":21
      },
      {
         "rels":[
            "group_member"
         ],
         "source":0,
         "target":22
      },
      {
         "rels":[
            "group_member"
         ],
         "source":0,
         "target":23
      },
      {
         "rels":[
            "group_member"
         ],
         "source":0,
         "target":24
      },
      {
         "rels":[
            "group_member"
         ],
         "source":0,
         "target":25
      },
      {
         "rels":[
            "group_member"
         ],
         "source":0,
         "target":26
      },
      {
         "rels":[
            "group_member"
         ],
         "source":0,
         "target":27
      },
      {
         "rels":[
            "group_member"
         ],
         "source":0,
         "target":28
      },
      {
         "rels":[
            "group_member"
         ],
         "source":0,
         "target":29
      },
      {
         "rels":[
            "group_member"
         ],
         "source":0,
         "target":30
      },
      {
         "rels":[
            "group_member"
         ],
         "source":0,
         "target":31
      },
      {
         "rels":[
            "group_member"
         ],
         "source":0,
         "target":32
      },
      {
         "rels":[
            "group_member"
         ],
         "source":0,
         "target":33
      },
      {
         "rels":[
            "group_member"
         ],
         "source":0,
         "target":34
      },
      {
         "rels":[
            "group_member"
         ],
         "source":0,
         "target":35
      },
      {
         "rels":[
            "group_member"
         ],
         "source":0,
         "target":36
      },
      {
         "rels":[
            "group_member"
         ],
         "source":0,
         "target":37
      },
      {
         "rels":[
            "group_member"
         ],
         "source":0,
         "target":38
      },
      {
         "rels":[
            "group_member"
         ],
         "source":0,
         "target":39
      },
      {
         "rels":[
            "group_member"
         ],
         "source":0,
         "target":40
      },
      {
         "rels":[
            "group_member"
         ],
         "source":0,
         "target":41
      },
      {
         "rels":[
            "group_member"
         ],
         "source":0,
         "target":42
      },
      {
         "rels":[
            "group_member"
         ],
         "source":0,
         "target":43
      },
      {
         "rels":[
            "group_member"
         ],
         "source":0,
         "target":44
      },
      {
         "rels":[
            "group_member"
         ],
         "source":0,
         "target":45
      },
      {
         "rels":[
            "group_member"
         ],
         "source":0,
         "target":46
      },
      {
         "rels":[
            "group_member"
         ],
         "source":0,
         "target":47
      },
      {
         "rels":[
            "group_member"
         ],
         "source":0,
         "target":48
      },
      {
         "rels":[
            "group_member"
         ],
         "source":0,
         "target":49
      },
      {
         "rels":[
            "group_member"
         ],
         "source":0,
         "target":50
      },
      {
         "rels":[
            "group_member"
         ],
         "source":0,
         "target":51
      },
      {
         "rels":[
            "group_member"
         ],
         "source":0,
         "target":52
      },
      {
         "rels":[
            "group_member"
         ],
         "source":0,
         "target":53
      },
      {
         "rels":[
            "group_member"
         ],
         "source":0,
         "target":54
      },
      {
         "rels":[
            "group_member"
         ],
         "source":0,
         "target":55
      },
      {
         "rels":[
            "group_member"
         ],
         "source":0,
         "target":56
      },
      {
         "rels":[
            "group_member"
         ],
         "source":0,
         "target":57
      },
      {
         "rels":[
            "group_member"
         ],
         "source":0,
         "target":58
      },
      {
         "rels":[
            "group_member"
         ],
         "source":0,
         "target":59
      },
      {
         "rels":[
            "group_member"
         ],
         "source":0,
         "target":60
      },
      {
         "rels":[
            "group_member"
         ],
         "source":0,
         "target":61
      },
      {
         "rels":[
            "group_member"
         ],
         "source":0,
         "target":62
      },
      {
         "rels":[
            "group_member"
         ],
         "source":0,
         "target":63
      },
      {
         "rels":[
            "group_member"
         ],
         "source":0,
         "target":64
      },
      {
         "rels":[
            "group_member"
         ],
         "source":0,
         "target":65
      },
      {
         "rels":[
            "group_member"
         ],
         "source":0,
         "target":66
      },
      {
         "rels":[
            "group_member"
         ],
         "source":0,
         "target":67
      },
      {
         "rels":[
            "group_member"
         ],
         "source":0,
         "target":68
      },
      {
         "rels":[
            "group_member"
         ],
         "source":0,
         "target":69
      },
      {
         "rels":[
            "group_member"
         ],
         "source":0,
         "target":70
      },
      {
         "rels":[
            "group_member"
         ],
         "source":0,
         "target":71
      },
      {
         "rels":[
            "group_member"
         ],
         "source":0,
         "target":72
      },
      {
         "rels":[
            "group_member"
         ],
         "source":0,
         "target":73
      },
      {
         "rels":[
            "group_member"
         ],
         "source":0,
         "target":74
      },
      {
         "rels":[
            "group_member"
         ],
         "source":0,
         "target":75
      },
      {
         "rels":[
            "group_member"
         ],
         "source":0,
         "target":76
      },
      {
         "rels":[
            "group_member"
         ],
         "source":0,
         "target":77
      },
      {
         "rels":[
            "group_member"
         ],
         "source":0,
         "target":78
      },
      {
         "rels":[
            "group_member"
         ],
         "source":0,
         "target":79
      },
      {
         "rels":[
            "group_member"
         ],
         "source":0,
         "target":80
      },
      {
         "rels":[
            "group_member"
         ],
         "source":0,
         "target":81
      },
      {
         "rels":[
            "group_member"
         ],
         "source":0,
         "target":82
      },
      {
         "rels":[
            "group_member"
         ],
         "source":0,
         "target":83
      },
      {
         "rels":[
            "group_member"
         ],
         "source":0,
         "target":84
      },
      {
         "rels":[
            "group_member"
         ],
         "source":0,
         "target":85
      },
      {
         "rels":[
            "group_member"
         ],
         "source":0,
         "target":86
      },
      {
         "rels":[
            "group_member"
         ],
         "source":0,
         "target":87
      },
      {
         "rels":[
            "group_member"
         ],
         "source":0,
         "target":88
      },
      {
         "rels":[
            "group_member"
         ],
         "source":0,
         "target":89
      },
      {
         "rels":[
            "group_member"
         ],
         "source":0,
         "target":90
      },
      {
         "rels":[
            "group_member"
         ],
         "source":0,
         "target":91
      },
      {
         "rels":[
            "group_member"
         ],
         "source":0,
         "target":92
      },
      {
         "rels":[
            "group_member"
         ],
         "source":0,
         "target":93
      },
      {
         "rels":[
            "group_member"
         ],
         "source":0,
         "target":94
      },
      {
         "rels":[
            "group_member"
         ],
         "source":0,
         "target":95
      },
      {
         "rels":[
            "group_member"
         ],
         "source":0,
         "target":96
      },
      {
         "rels":[
            "group_member"
         ],
         "source":0,
         "target":97
      },
      {
         "rels":[
            "group_member"
         ],
         "source":0,
         "target":98
      },
      {
         "rels":[
            "group_member"
         ],
         "source":0,
         "target":99
      },
      {
         "rels":[
            "group_member"
         ],
         "source":0,
         "target":100
      },
      {
         "rels":[
            "group_member"
         ],
         "source":0,
         "target":101
      },
      {
         "rels":[
            "group_member"
         ],
         "source":0,
         "target":102
      },
      {
         "rels":[
            "group_member"
         ],
         "source":0,
         "target":103
      },
      {
         "rels":[
            "group_member"
         ],
         "source":0,
         "target":104
      },
      {
         "rels":[
            "group_member"
         ],
         "source":0,
         "target":105
      },
      {
         "rels":[
            "group_member"
         ],
         "source":0,
         "target":106
      },
      {
         "rels":[
            "group_member"
         ],
         "source":0,
         "target":107
      },
      {
         "rels":[
            "group_member"
         ],
         "source":0,
         "target":108
      },
      {
         "rels":[
            "group_member"
         ],
         "source":0,
         "target":109
      },
      {
         "rels":[
            "group_member"
         ],
         "source":0,
         "target":110
      },
      {
         "rels":[
            "group_member"
         ],
         "source":0,
         "target":111
      },
      {
         "rels":[
            "group_member"
         ],
         "source":0,
         "target":112
      },
      {
         "rels":[
            "group_member"
         ],
         "source":0,
         "target":113
      },
      {
         "rels":[
            "group_member"
         ],
         "source":0,
         "target":114
      },
      {
         "rels":[
            "group_member"
         ],
         "source":0,
         "target":115
      },
      {
         "rels":[
            "group_member"
         ],
         "source":0,
         "target":116
      },
      {
         "rels":[
            "group_member"
         ],
         "source":0,
         "target":117
      },
      {
         "rels":[
            "group_member"
         ],
         "source":0,
         "target":118
      },
      {
         "rels":[
            "group_member"
         ],
         "source":0,
         "target":119
      },
      {
         "rels":[
            "group_member"
         ],
         "source":0,
         "target":120
      },
      {
         "rels":[
            "group_member"
         ],
         "source":0,
         "target":121
      },
      {
         "rels":[
            "group_member"
         ],
         "source":0,
         "target":122
      },
      {
         "rels":[
            "group_member"
         ],
         "source":0,
         "target":123
      },
      {
         "rels":[
            "group_member"
         ],
         "source":0,
         "target":124
      },
      {
         "rels":[
            "group_member"
         ],
         "source":0,
         "target":125
      },
      {
         "rels":[
            "group_member"
         ],
         "source":0,
         "target":126
      },
      {
         "rels":[
            "group_member"
         ],
         "source":0,
         "target":127
      },
      {
         "rels":[
            "group_member"
         ],
         "source":0,
         "target":128
      },
      {
         "rels":[
            "group_member"
         ],
         "source":0,
         "target":129
      },
      {
         "rels":[
            "group_member"
         ],
         "source":0,
         "target":130
      },
      {
         "rels":[
            "group_member"
         ],
         "source":0,
         "target":131
      },
      {
         "rels":[
            "group_member"
         ],
         "source":0,
         "target":132
      },
      {
         "rels":[
            "group_member"
         ],
         "source":0,
         "target":133
      },
      {
         "rels":[
            "group_member"
         ],
         "source":0,
         "target":134
      },
      {
         "rels":[
            "group_member"
         ],
         "source":0,
         "target":135
      },
      {
         "rels":[
            "group_member"
         ],
         "source":0,
         "target":136
      },
      {
         "rels":[
            "group_member"
         ],
         "source":0,
         "target":137
      },
      {
         "rels":[
            "group_member"
         ],
         "source":0,
         "target":138
      },
      {
         "rels":[
            "group_member"
         ],
         "source":0,
         "target":139
      },
      {
         "rels":[
            "group_member"
         ],
         "source":0,
         "target":140
      },
      {
         "rels":[
            "group_member"
         ],
         "source":0,
         "target":141
      },
      {
         "rels":[
            "group_member"
         ],
         "source":0,
         "target":142
      },
      {
         "rels":[
            "group_member"
         ],
         "source":0,
         "target":143
      },
      {
         "rels":[
            "group_member"
         ],
         "source":0,
         "target":144
      },
      {
         "rels":[
            "group_member"
         ],
         "source":0,
         "target":145
      },
      {
         "rels":[
            "group_member"
         ],
         "source":0,
         "target":146
      },
      {
         "rels":[
            "group_member"
         ],
         "source":0,
         "target":147
      },
      {
         "rels":[
            "group_member"
         ],
         "source":0,
         "target":148
      },
      {
         "rels":[
            "group_member"
         ],
         "source":0,
         "target":149
      },
      {
         "rels":[
            "group_member"
         ],
         "source":0,
         "target":150
      },
      {
         "rels":[
            "group_member"
         ],
         "source":0,
         "target":151
      },
      {
         "rels":[
            "group_member"
         ],
         "source":0,
         "target":152
      },
      {
         "rels":[
            "group_member"
         ],
         "source":0,
         "target":153
      },
      {
         "rels":[
            "group_member"
         ],
         "source":0,
         "target":154
      },
      {
         "rels":[
            "group_member"
         ],
         "source":0,
         "target":155
      },
      {
         "rels":[
            "group_member"
         ],
         "source":0,
         "target":156
      },
      {
         "rels":[
            "group_member"
         ],
         "source":0,
         "target":157
      },
      {
         "rels":[
            "group_member"
         ],
         "source":0,
         "target":158
      },
      {
         "rels":[
            "group_member"
         ],
         "source":0,
         "target":159
      },
      {
         "rels":[
            "group_member"
         ],
         "source":0,
         "target":160
      },
      {
         "rels":[
            "group_member"
         ],
         "source":0,
         "target":161
      },
      {
         "rels":[
            "group_member"
         ],
         "source":0,
         "target":162
      },
      {
         "rels":[
            "group_member"
         ],
         "source":0,
         "target":163
      },
      {
         "rels":[
            "group_member"
         ],
         "source":0,
         "target":164
      },
      {
         "rels":[
            "group_member"
         ],
         "source":0,
         "target":165
      },
      {
         "rels":[
            "group_member"
         ],
         "source":0,
         "target":166
      },
      {
         "rels":[
            "group_member"
         ],
         "source":0,
         "target":167
      },
      {
         "rels":[
            "group_member"
         ],
         "source":0,
         "target":168
      },
      {
         "rels":[
            "group_member"
         ],
         "source":0,
         "target":169
      },
      {
         "rels":[
            "group_member"
         ],
         "source":0,
         "target":170
      },
      {
         "rels":[
            "group_member"
         ],
         "source":0,
         "target":171
      },
      {
         "rels":[
            "group_member"
         ],
         "source":0,
         "target":172
      },
      {
         "rels":[
            "group_member"
         ],
         "source":0,
         "target":173
      },
      {
         "rels":[
            "group_member"
         ],
         "source":0,
         "target":174
      },
      {
         "rels":[
            "group_member"
         ],
         "source":0,
         "target":175
      },
      {
         "rels":[
            "group_member"
         ],
         "source":0,
         "target":176
      },
      {
         "rels":[
            "group_member"
         ],
         "source":0,
         "target":177
      },
      {
         "rels":[
            "group_member"
         ],
         "source":0,
         "target":178
      },
      {
         "rels":[
            "group_member"
         ],
         "source":0,
         "target":179
      },
      {
         "rels":[
            "group_member"
         ],
         "source":0,
         "target":180
      },
      {
         "rels":[
            "group_member"
         ],
         "source":0,
         "target":181
      },
      {
         "rels":[
            "group_member"
         ],
         "source":0,
         "target":182
      },
      {
         "rels":[
            "group_member"
         ],
         "source":0,
         "target":183
      },
      {
         "rels":[
            "group_member"
         ],
         "source":0,
         "target":184
      },
      {
         "rels":[
            "group_member"
         ],
         "source":0,
         "target":185
      },
      {
         "rels":[
            "group_member"
         ],
         "source":0,
         "target":186
      },
      {
         "rels":[
            "group_member"
         ],
         "source":0,
         "target":187
      },
      {
         "rels":[
            "group_member"
         ],
         "source":0,
         "target":188
      },
      {
         "rels":[
            "group_member"
         ],
         "source":0,
         "target":189
      },
      {
         "rels":[
            "group_member"
         ],
         "source":0,
         "target":190
      },
      {
         "rels":[
            "group_member"
         ],
         "source":0,
         "target":191
      },
      {
         "rels":[
            "group_member"
         ],
         "source":0,
         "target":192
      },
      {
         "rels":[
            "group_member"
         ],
         "source":0,
         "target":193
      },
      {
         "rels":[
            "group_member"
         ],
         "source":0,
         "target":194
      },
      {
         "rels":[
            "group_member"
         ],
         "source":0,
         "target":195
      },
      {
         "rels":[
            "group_member"
         ],
         "source":0,
         "target":196
      },
      {
         "rels":[
            "primary_group"
         ],
         "source":0,
         "target":197
      },
      {
         "rels":[
            "group_member"
         ],
         "source":115,
         "target":198
      },
      {
         "rels":[
            "group_member"
         ],
         "source":1,
         "target":198
      },
      {
         "rels":[
            "group_member"
         ],
         "source":152,
         "target":198
      },
      {
         "rels":[
            "group_member"
         ],
         "source":192,
         "target":198
      },
      {
         "rels":[
            "group_member"
         ],
         "source":9,
         "target":199
      },
      {
         "rels":[
            "group_member"
         ],
         "source":23,
         "target":200
      },
      {
         "rels":[
            "group_member"
         ],
         "source":23,
         "target":201
      },
      {
         "rels":[
            "group_member"
         ],
         "source":23,
         "target":202
      },
      {
         "rels":[
            "group_member"
         ],
         "source":26,
         "target":203
      },
      {
         "rels":[
            "group_member"
         ],
         "source":160,
         "target":203
      },
      {
         "rels":[
            "group_member"
         ],
         "source":26,
         "target":204
      },
      {
         "rels":[
            "group_member"
         ],
         "source":160,
         "target":204
      },
      {
         "rels":[
            "group_member"
         ],
         "source":26,
         "target":205
      },
      {
         "rels":[
            "group_member"
         ],
         "source":29,
         "target":206
      },
      {
         "rels":[
            "group_member"
         ],
         "source":28,
         "target":206
      },
      {
         "rels":[
            "group_member"
         ],
         "source":27,
         "target":206
      },
      {
         "rels":[
            "group_member"
         ],
         "source":31,
         "target":207
      },
      {
         "rels":[
            "group_member"
         ],
         "source":31,
         "target":208
      },
      {
         "rels":[
            "group_member"
         ],
         "source":32,
         "target":209
      },
      {
         "rels":[
            "group_member"
         ],
         "source":52,
         "target":210
      },
      {
         "rels":[
            "group_member"
         ],
         "source":73,
         "target":210
      },
      {
         "rels":[
            "group_member"
         ],
         "source":53,
         "target":210
      },
      {
         "rels":[
            "group_member"
         ],
         "source":41,
         "target":210
      },
      {
         "rels":[
            "group_member"
         ],
         "source":40,
         "target":210
      },
      {
         "rels":[
            "group_member"
         ],
         "source":51,
         "target":210
      },
      {
         "rels":[
            "group_member"
         ],
         "source":39,
         "target":210
      },
      {
         "rels":[
            "group_member"
         ],
         "source":38,
         "target":210
      },
      {
         "rels":[
            "group_member"
         ],
         "source":57,
         "target":210
      },
      {
         "rels":[
            "group_member"
         ],
         "source":56,
         "target":210
      },
      {
         "rels":[
            "group_member"
         ],
         "source":66,
         "target":211
      },
      {
         "rels":[
            "group_member"
         ],
         "source":66,
         "target":212
      },
      {
         "rels":[
            "group_member"
         ],
         "source":66,
         "target":213
      },
      {
         "rels":[
            "group_member"
         ],
         "source":74,
         "target":214
      },
      {
         "rels":[
            "group_member"
         ],
         "source":111,
         "target":215
      },
      {
         "rels":[
            "group_member"
         ],
         "source":112,
         "target":216
      },
      {
         "rels":[
            "group_member"
         ],
         "source":113,
         "target":217
      },
      {
         "rels":[
            "group_member"
         ],
         "source":113,
         "target":218
      },
      {
         "rels":[
            "group_member"
         ],
         "source":123,
         "target":219
      },
      {
         "rels":[
            "group_member"
         ],
         "source":124,
         "target":220
      },
      {
         "rels":[
            "group_member"
         ],
         "source":124,
         "target":221
      },
      {
         "rels":[
            "group_member"
         ],
         "source":124,
         "target":222
      },
      {
         "rels":[
            "group_member"
         ],
         "source":143,
         "target":223
      },
      {
         "rels":[
            "group_member"
         ],
         "source":143,
         "target":224
      },
      {
         "rels":[
            "group_member"
         ],
         "source":144,
         "target":225
      },
      {
         "rels":[
            "group_member"
         ],
         "source":144,
         "target":226
      },
      {
         "rels":[
            "group_member"
         ],
         "source":147,
         "target":227
      },
      {
         "rels":[
            "group_member"
         ],
         "source":147,
         "target":228
      },
      {
         "rels":[
            "group_member"
         ],
         "source":155,
         "target":229
      },
      {
         "rels":[
            "group_member"
         ],
         "source":158,
         "target":230
      },
      {
         "rels":[
            "group_member"
         ],
         "source":160,
         "target":230
      },
      {
         "rels":[
            "group_member"
         ],
         "source":197,
         "target":231
      },
      {
         "rels":[
            "group_member"
         ],
         "source":160,
         "target":231
      },
      {
         "rels":[
            "group_member"
         ],
         "source":160,
         "target":232
      },
      {
         "rels":[
            "group_member"
         ],
         "source":160,
         "target":233
      },
      {
         "rels":[
            "group_member"
         ],
         "source":160,
         "target":234
      },
      {
         "rels":[
            "group_member"
         ],
         "source":160,
         "target":235
      },
      {
         "rels":[
            "group_member"
         ],
         "source":161,
         "target":236
      },
      {
         "rels":[
            "group_member"
         ],
         "source":161,
         "target":237
      },
      {
         "rels":[
            "group_member"
         ],
         "source":164,
         "target":238
      },
      {
         "rels":[
            "group_member"
         ],
         "source":164,
         "target":239
      },
      {
         "rels":[
            "group_member"
         ],
         "source":165,
         "target":240
      },
      {
         "rels":[
            "group_member"
         ],
         "source":165,
         "target":241
      },
      {
         "rels":[
            "group_member"
         ],
         "source":165,
         "target":242
      },
      {
         "rels":[
            "group_member"
         ],
         "source":171,
         "target":243
      },
      {
         "rels":[
            "group_member"
         ],
         "source":194,
         "target":244
      },
      {
         "rels":[
            "group_member"
         ],
         "source":195,
         "target":245
      },
      {
         "rels":[
            "group_member"
         ],
         "source":195,
         "target":246
      },
      {
         "rels":[
            "group_member"
         ],
         "source":197,
         "target":247
      },
      {
         "rels":[
            "group_member"
         ],
         "source":197,
         "target":248
      },
      {
         "rels":[
            "group_member"
         ],
         "source":197,
         "target":249
      },
      {
         "rels":[
            "group_member"
         ],
         "source":197,
         "target":250
      },
      {
         "rels":[
            "group_member"
         ],
         "source":197,
         "target":251
      },
      {
         "rels":[
            "group_member"
         ],
         "source":197,
         "target":252
      },
      {
         "rels":[
            "group_member"
         ],
         "source":197,
         "target":253
      },
      {
         "rels":[
            "group_member"
         ],
         "source":197,
         "target":254
      },
      {
         "rels":[
            "group_member"
         ],
         "source":197,
         "target":255
      },
      {
         "rels":[
            "group_member"
         ],
         "source":197,
         "target":256
      },
      {
         "rels":[
            "group_member"
         ],
         "source":197,
         "target":257
      },
      {
         "rels":[
            "group_member"
         ],
         "source":197,
         "target":258
      },
      {
         "rels":[
            "group_member"
         ],
         "source":197,
         "target":259
      },
      {
         "rels":[
            "group_member"
         ],
         "source":197,
         "target":260
      },
      {
         "rels":[
            "group_member"
         ],
         "source":197,
         "target":261
      },
      {
         "rels":[
            "group_member"
         ],
         "source":197,
         "target":262
      },
      {
         "rels":[
            "group_member"
         ],
         "source":197,
         "target":263
      },
      {
         "rels":[
            "group_member"
         ],
         "source":197,
         "target":264
      },
      {
         "rels":[
            "group_member"
         ],
         "source":201,
         "target":265
      },
      {
         "rels":[
            "group_member"
         ],
         "source":202,
         "target":266
      },
      {
         "rels":[
            "group_member"
         ],
         "source":203,
         "target":267
      },
      {
         "rels":[
            "group_member"
         ],
         "source":204,
         "target":268
      },
      {
         "rels":[
            "group_member"
         ],
         "source":207,
         "target":269
      },
      {
         "rels":[
            "group_member"
         ],
         "source":208,
         "target":270
      },
      {
         "rels":[
            "group_member"
         ],
         "source":223,
         "target":270
      },
      {
         "rels":[
            "group_member"
         ],
         "source":243,
         "target":271
      },
      {
         "rels":[
            "group_member"
         ],
         "source":270,
         "target":272
      }
   ]
}